U:0,U:1,U:2,p,vtkValidPointMask,arc_length,Points:0,Points:1,Points:2,Point ID
0,0,0,1025.07,1,0,0.6,-1,0.5,0
0.0101325,5.67013e-06,0,1025.08,1,0.00199997,0.6,-0.998,0.5,1
0.0202653,1.13404e-05,0,1025.09,1,0.00400001,0.6,-0.996,0.5,2
0.0299207,2.34506e-05,0,1025.11,1,0.00599998,0.6,-0.994,0.5,3
0.0394996,3.65982e-05,0,1025.13,1,0.00800002,0.6,-0.992,0.5,4
0.0490321,5.2805e-05,0,1025.15,1,0.00999999,0.6,-0.99,0.5,5
0.0584427,7.71411e-05,0,1025.16,1,0.012,0.6,-0.988,0.5,6
0.067853,0.000101476,0,1025.18,1,0.014,0.6,-0.986,0.5,7
0.0772329,0.000127406,0,1025.2,1,0.016,0.6,-0.984,0.5,8
0.0864297,0.000162956,0,1025.21,1,0.018,0.6,-0.982,0.5,9
0.0956263,0.000198505,0,1025.23,1,0.02,0.6,-0.98,0.5,10
0.104823,0.000234055,0,1025.24,1,0.022,0.6,-0.978,0.5,11
0.113923,0.000273386,0,1025.26,1,0.024,0.6,-0.976,0.5,12
0.122846,0.000319641,0,1025.28,1,0.026,0.6,-0.974,0.5,13
0.131769,0.000365894,0,1025.29,1,0.028,0.6,-0.972,0.5,14
0.140692,0.000412148,0,1025.31,1,0.03,0.6,-0.97,0.5,15
0.149615,0.000458403,0,1025.33,1,0.032,0.6,-0.968,0.5,16
0.158264,0.000511429,0,1025.35,1,0.034,0.6,-0.966,0.5,17
0.16683,0.000566492,0,1025.37,1,0.036,0.6,-0.964,0.5,18
0.175396,0.000621554,0,1025.39,1,0.038,0.6,-0.962,0.5,19
0.183962,0.000676617,0,1025.41,1,0.04,0.6,-0.96,0.5,20
0.192528,0.000731679,0,1025.42,1,0.042,0.6,-0.958,0.5,21
0.200992,0.000787368,0,1025.45,1,0.044,0.6,-0.956,0.5,22
0.209092,0.000845253,0,1025.47,1,0.046,0.6,-0.954,0.5,23
0.217192,0.000903138,0,1025.49,1,0.048,0.6,-0.952,0.5,24
0.225293,0.000961024,0,1025.52,1,0.05,0.6,-0.95,0.5,25
0.233393,0.00101891,0,1025.54,1,0.052,0.6,-0.948,0.5,26
0.241493,0.0010768,0,1025.56,1,0.054,0.6,-0.946,0.5,27
0.249594,0.00113468,0,1025.59,1,0.056,0.6,-0.944,0.5,28
0.257398,0.00118849,0,1025.61,1,0.058,0.6,-0.942,0.5,29
0.264917,0.00123837,0,1025.64,1,0.06,0.6,-0.94,0.5,30
0.272435,0.00128826,0,1025.66,1,0.062,0.6,-0.938,0.5,31
0.279954,0.00133814,0,1025.69,1,0.064,0.6,-0.936,0.5,32
0.287473,0.00138802,0,1025.72,1,0.066,0.6,-0.934,0.5,33
0.294992,0.00143791,0,1025.75,1,0.068,0.6,-0.932,0.5,34
0.302511,0.00148779,0,1025.77,1,0.07,0.6,-0.93,0.5,35
0.31003,0.00153768,0,1025.8,1,0.072,0.6,-0.928,0.5,36
0.317289,0.00157971,0,1025.83,1,0.074,0.6,-0.926,0.5,37
0.32414,0.00160935,0,1025.86,1,0.076,0.6,-0.924,0.5,38
0.330992,0.00163899,0,1025.88,1,0.078,0.6,-0.922,0.5,39
0.337842,0.00166863,0,1025.91,1,0.08,0.6,-0.92,0.5,40
0.344694,0.00169827,0,1025.94,1,0.082,0.6,-0.918,0.5,41
0.351545,0.00172791,0,1025.97,1,0.084,0.6,-0.916,0.5,42
0.358396,0.00175755,0,1026,1,0.086,0.6,-0.914,0.5,43
0.365247,0.00178719,0,1026.03,1,0.088,0.6,-0.912,0.5,44
0.372098,0.00181683,0,1026.05,1,0.09,0.6,-0.91,0.5,45
0.378949,0.00184647,0,1026.08,1,0.092,0.6,-0.908,0.5,46
0.385409,0.00186056,0,1026.11,1,0.094,0.6,-0.906,0.5,47
0.391563,0.00186244,0,1026.14,1,0.096,0.6,-0.904,0.5,48
0.397716,0.00186433,0,1026.16,1,0.098,0.6,-0.902,0.5,49
0.40387,0.00186622,0,1026.19,1,0.1,0.6,-0.9,0.5,50
0.410023,0.00186811,0,1026.22,1,0.102,0.6,-0.898,0.5,51
0.416177,0.00186999,0,1026.24,1,0.104,0.6,-0.896,0.5,52
0.422331,0.00187188,0,1026.27,1,0.106,0.6,-0.894,0.5,53
0.428484,0.00187377,0,1026.3,1,0.108,0.6,-0.892,0.5,54
0.434638,0.00187566,0,1026.32,1,0.11,0.6,-0.89,0.5,55
0.440791,0.00187754,0,1026.35,1,0.112,0.6,-0.888,0.5,56
0.446945,0.00187943,0,1026.38,1,0.114,0.6,-0.886,0.5,57
0.453099,0.00188132,0,1026.4,1,0.116,0.6,-0.884,0.5,58
0.458805,0.00186554,0,1026.43,1,0.118,0.6,-0.882,0.5,59
0.464291,0.00184104,0,1026.45,1,0.12,0.6,-0.88,0.5,60
0.469776,0.00181655,0,1026.48,1,0.122,0.6,-0.878,0.5,61
0.475262,0.00179205,0,1026.5,1,0.124,0.6,-0.876,0.5,62
0.480747,0.00176755,0,1026.52,1,0.126,0.6,-0.874,0.5,63
0.486233,0.00174306,0,1026.55,1,0.128,0.6,-0.872,0.5,64
0.491719,0.00171856,0,1026.57,1,0.13,0.6,-0.87,0.5,65
0.497204,0.00169406,0,1026.59,1,0.132,0.6,-0.868,0.5,66
0.50269,0.00166957,0,1026.62,1,0.134,0.6,-0.866,0.5,67
0.508175,0.00164507,0,1026.64,1,0.136,0.6,-0.864,0.5,68
0.513661,0.00162058,0,1026.67,1,0.138,0.6,-0.862,0.5,69
0.519147,0.00159608,0,1026.69,1,0.14,0.6,-0.86,0.5,70
0.524632,0.00157158,0,1026.71,1,0.142,0.6,-0.858,0.5,71
0.530118,0.00154709,0,1026.74,1,0.144,0.6,-0.856,0.5,72
0.535434,0.00151794,0,1026.76,1,0.146,0.6,-0.854,0.5,73
0.540316,0.0014769,0,1026.78,1,0.148,0.6,-0.852,0.5,74
0.545198,0.00143587,0,1026.8,1,0.15,0.6,-0.85,0.5,75
0.55008,0.00139484,0,1026.82,1,0.152,0.6,-0.848,0.5,76
0.554962,0.00135381,0,1026.84,1,0.154,0.6,-0.846,0.5,77
0.559844,0.00131278,0,1026.86,1,0.156,0.6,-0.844,0.5,78
0.564727,0.00127175,0,1026.88,1,0.158,0.6,-0.842,0.5,79
0.569609,0.00123072,0,1026.9,1,0.16,0.6,-0.84,0.5,80
0.574491,0.00118968,0,1026.92,1,0.162,0.6,-0.838,0.5,81
0.579373,0.00114865,0,1026.94,1,0.164,0.6,-0.836,0.5,82
0.584255,0.00110762,0,1026.96,1,0.166,0.6,-0.834,0.5,83
0.589137,0.00106659,0,1026.98,1,0.168,0.6,-0.832,0.5,84
0.59402,0.00102556,0,1027,1,0.17,0.6,-0.83,0.5,85
0.598902,0.000984527,0,1027.02,1,0.172,0.6,-0.828,0.5,86
0.603784,0.000943495,0,1027.04,1,0.174,0.6,-0.826,0.5,87
0.608666,0.000902464,0,1027.06,1,0.176,0.6,-0.824,0.5,88
0.613548,0.000861433,0,1027.08,1,0.178,0.6,-0.822,0.5,89
0.61843,0.000820401,0,1027.1,1,0.18,0.6,-0.82,0.5,90
0.622844,0.000777595,0,1027.12,1,0.182,0.6,-0.818,0.5,91
0.627189,0.000734527,0,1027.13,1,0.184,0.6,-0.816,0.5,92
0.631534,0.00069146,0,1027.15,1,0.186,0.6,-0.814,0.5,93
0.635879,0.000648391,0,1027.17,1,0.188,0.6,-0.812,0.5,94
0.640224,0.000605324,0,1027.18,1,0.19,0.6,-0.81,0.5,95
0.644568,0.000562257,0,1027.2,1,0.192,0.6,-0.808,0.5,96
0.648913,0.000519189,0,1027.21,1,0.194,0.6,-0.806,0.5,97
0.653258,0.000476122,0,1027.23,1,0.196,0.6,-0.804,0.5,98
0.657603,0.000433054,0,1027.25,1,0.198,0.6,-0.802,0.5,99
0.661948,0.000389987,0,1027.26,1,0.2,0.6,-0.8,0.5,100
0.666293,0.000346919,0,1027.28,1,0.202,0.6,-0.798,0.5,101
0.670638,0.000303852,0,1027.3,1,0.204,0.6,-0.796,0.5,102
0.674982,0.000260785,0,1027.31,1,0.206,0.6,-0.794,0.5,103
0.679327,0.000217717,0,1027.33,1,0.208,0.6,-0.792,0.5,104
0.683672,0.00017465,0,1027.35,1,0.21,0.6,-0.79,0.5,105
0.688017,0.000131582,0,1027.36,1,0.212,0.6,-0.788,0.5,106
0.692362,8.85146e-05,0,1027.38,1,0.214,0.6,-0.786,0.5,107
0.696707,4.54464e-05,0,1027.39,1,0.216,0.6,-0.784,0.5,108
0.701052,2.37944e-06,0,1027.41,1,0.218,0.6,-0.782,0.5,109
0.705397,-4.06888e-05,0,1027.43,1,0.22,0.6,-0.78,0.5,110
0.709741,-8.37557e-05,0,1027.44,1,0.222,0.6,-0.778,0.5,111
0.71369,-0.000117314,0,1027.46,1,0.224,0.6,-0.776,0.5,112
0.717543,-0.00014859,0,1027.47,1,0.226,0.6,-0.774,0.5,113
0.721396,-0.000179864,0,1027.48,1,0.228,0.6,-0.772,0.5,114
0.725249,-0.00021114,0,1027.49,1,0.23,0.6,-0.77,0.5,115
0.729103,-0.000242415,0,1027.51,1,0.232,0.6,-0.768,0.5,116
0.732956,-0.000273691,0,1027.52,1,0.234,0.6,-0.766,0.5,117
0.736809,-0.000304965,0,1027.53,1,0.236,0.6,-0.764,0.5,118
0.740662,-0.00033624,0,1027.54,1,0.238,0.6,-0.762,0.5,119
0.744515,-0.000367516,0,1027.56,1,0.24,0.6,-0.76,0.5,120
0.748369,-0.000398791,0,1027.57,1,0.242,0.6,-0.758,0.5,121
0.752222,-0.000430066,0,1027.58,1,0.244,0.6,-0.756,0.5,122
0.756075,-0.000461341,0,1027.6,1,0.246,0.6,-0.754,0.5,123
0.759928,-0.000492617,0,1027.61,1,0.248,0.6,-0.752,0.5,124
0.763781,-0.000523892,0,1027.62,1,0.25,0.6,-0.75,0.5,125
0.767635,-0.000555167,0,1027.63,1,0.252,0.6,-0.748,0.5,126
0.771488,-0.000586442,0,1027.65,1,0.254,0.6,-0.746,0.5,127
0.775341,-0.000617717,0,1027.66,1,0.256,0.6,-0.744,0.5,128
0.779194,-0.000648993,0,1027.67,1,0.258,0.6,-0.742,0.5,129
0.783047,-0.000680268,0,1027.68,1,0.26,0.6,-0.74,0.5,130
0.786901,-0.000711543,0,1027.7,1,0.262,0.6,-0.738,0.5,131
0.790754,-0.000742818,0,1027.71,1,0.264,0.6,-0.736,0.5,132
0.794607,-0.000774093,0,1027.72,1,0.266,0.6,-0.734,0.5,133
0.79846,-0.000805369,0,1027.73,1,0.268,0.6,-0.732,0.5,134
0.802314,-0.000836643,0,1027.75,1,0.27,0.6,-0.73,0.5,135
0.806167,-0.000867919,0,1027.76,1,0.272,0.6,-0.728,0.5,136
0.809869,-0.000892971,0,1027.77,1,0.274,0.6,-0.726,0.5,137
0.813247,-0.000904617,0,1027.78,1,0.276,0.6,-0.724,0.5,138
0.816624,-0.000916262,0,1027.79,1,0.278,0.6,-0.722,0.5,139
0.820002,-0.000927908,0,1027.8,1,0.28,0.6,-0.72,0.5,140
0.82338,-0.000939554,0,1027.81,1,0.282,0.6,-0.718,0.5,141
0.826757,-0.0009512,0,1027.82,1,0.284,0.6,-0.716,0.5,142
0.830135,-0.000962846,0,1027.83,1,0.286,0.6,-0.714,0.5,143
0.833512,-0.000974491,0,1027.84,1,0.288,0.6,-0.712,0.5,144
0.83689,-0.000986137,0,1027.85,1,0.29,0.6,-0.71,0.5,145
0.840268,-0.000997783,0,1027.86,1,0.292,0.6,-0.708,0.5,146
0.843645,-0.00100943,0,1027.87,1,0.294,0.6,-0.706,0.5,147
0.847023,-0.00102107,0,1027.88,1,0.296,0.6,-0.704,0.5,148
0.850401,-0.00103272,0,1027.89,1,0.298,0.6,-0.702,0.5,149
0.853778,-0.00104437,0,1027.9,1,0.3,0.6,-0.7,0.5,150
0.857156,-0.00105601,0,1027.91,1,0.302,0.6,-0.698,0.5,151
0.860533,-0.00106766,0,1027.91,1,0.304,0.6,-0.696,0.5,152
0.863911,-0.0010793,0,1027.92,1,0.306,0.6,-0.694,0.5,153
0.867289,-0.00109095,0,1027.93,1,0.308,0.6,-0.692,0.5,154
0.870666,-0.0011026,0,1027.94,1,0.31,0.6,-0.69,0.5,155
0.874044,-0.00111424,0,1027.95,1,0.312,0.6,-0.688,0.5,156
0.877421,-0.00112589,0,1027.96,1,0.314,0.6,-0.686,0.5,157
0.880799,-0.00113753,0,1027.97,1,0.316,0.6,-0.684,0.5,158
0.884177,-0.00114918,0,1027.98,1,0.318,0.6,-0.682,0.5,159
0.887554,-0.00116082,0,1027.99,1,0.32,0.6,-0.68,0.5,160
0.890932,-0.00117247,0,1028,1,0.322,0.6,-0.678,0.5,161
0.89431,-0.00118412,0,1028.01,1,0.324,0.6,-0.676,0.5,162
0.897687,-0.00119576,0,1028.02,1,0.326,0.6,-0.674,0.5,163
0.901065,-0.00120741,0,1028.03,1,0.328,0.6,-0.672,0.5,164
0.904442,-0.00121905,0,1028.04,1,0.33,0.6,-0.67,0.5,165
0.90782,-0.0012307,0,1028.05,1,0.332,0.6,-0.668,0.5,166
0.911198,-0.00124234,0,1028.06,1,0.334,0.6,-0.666,0.5,167
0.914346,-0.00124513,0,1028.07,1,0.336,0.6,-0.664,0.5,168
0.91724,-0.00123811,0,1028.07,1,0.338,0.6,-0.662,0.5,169
0.920135,-0.00123109,0,1028.08,1,0.34,0.6,-0.66,0.5,170
0.923029,-0.00122407,0,1028.09,1,0.342,0.6,-0.658,0.5,171
0.925924,-0.00121705,0,1028.1,1,0.344,0.6,-0.656,0.5,172
0.928818,-0.00121003,0,1028.1,1,0.346,0.6,-0.654,0.5,173
0.931713,-0.00120301,0,1028.11,1,0.348,0.6,-0.652,0.5,174
0.934607,-0.00119599,0,1028.12,1,0.35,0.6,-0.65,0.5,175
0.937502,-0.00118897,0,1028.12,1,0.352,0.6,-0.648,0.5,176
0.940396,-0.00118196,0,1028.13,1,0.354,0.6,-0.646,0.5,177
0.943291,-0.00117494,0,1028.14,1,0.356,0.6,-0.644,0.5,178
0.946185,-0.00116792,0,1028.15,1,0.358,0.6,-0.642,0.5,179
0.94908,-0.0011609,0,1028.15,1,0.36,0.6,-0.64,0.5,180
0.951974,-0.00115388,0,1028.16,1,0.362,0.6,-0.638,0.5,181
0.954869,-0.00114686,0,1028.17,1,0.364,0.6,-0.636,0.5,182
0.957763,-0.00113984,0,1028.18,1,0.366,0.6,-0.634,0.5,183
0.960658,-0.00113282,0,1028.18,1,0.368,0.6,-0.632,0.5,184
0.963553,-0.0011258,0,1028.19,1,0.37,0.6,-0.63,0.5,185
0.966447,-0.00111878,0,1028.2,1,0.372,0.6,-0.628,0.5,186
0.969342,-0.00111177,0,1028.2,1,0.374,0.6,-0.626,0.5,187
0.972236,-0.00110475,0,1028.21,1,0.376,0.6,-0.624,0.5,188
0.975131,-0.00109773,0,1028.22,1,0.378,0.6,-0.622,0.5,189
0.978025,-0.00109071,0,1028.23,1,0.38,0.6,-0.62,0.5,190
0.98092,-0.00108369,0,1028.23,1,0.382,0.6,-0.618,0.5,191
0.983814,-0.00107667,0,1028.24,1,0.384,0.6,-0.616,0.5,192
0.986709,-0.00106965,0,1028.25,1,0.386,0.6,-0.614,0.5,193
0.989603,-0.00106263,0,1028.26,1,0.388,0.6,-0.612,0.5,194
0.992498,-0.00105561,0,1028.26,1,0.39,0.6,-0.61,0.5,195
0.995392,-0.00104859,0,1028.27,1,0.392,0.6,-0.608,0.5,196
0.998287,-0.00104158,0,1028.28,1,0.394,0.6,-0.606,0.5,197
1.00118,-0.00103456,0,1028.28,1,0.396,0.6,-0.604,0.5,198
1.00408,-0.00102754,0,1028.29,1,0.398,0.6,-0.602,0.5,199
1.00697,-0.00102052,0,1028.3,1,0.4,0.6,-0.6,0.5,200
1.00986,-0.0010135,0,1028.31,1,0.402,0.6,-0.598,0.5,201
1.01276,-0.00100648,0,1028.31,1,0.404,0.6,-0.596,0.5,202
1.01565,-0.000999462,0,1028.32,1,0.406,0.6,-0.594,0.5,203
1.01855,-0.000992443,0,1028.33,1,0.408,0.6,-0.592,0.5,204
1.02135,-0.000983897,0,1028.33,1,0.41,0.6,-0.59,0.5,205
1.02363,-0.00096709,0,1028.34,1,0.412,0.6,-0.588,0.5,206
1.02591,-0.000950283,0,1028.35,1,0.414,0.6,-0.586,0.5,207
1.02819,-0.000933476,0,1028.35,1,0.416,0.6,-0.584,0.5,208
1.03048,-0.000916669,0,1028.36,1,0.418,0.6,-0.582,0.5,209
1.03276,-0.000899862,0,1028.36,1,0.42,0.6,-0.58,0.5,210
1.03504,-0.000883055,0,1028.37,1,0.422,0.6,-0.578,0.5,211
1.03732,-0.000866248,0,1028.37,1,0.424,0.6,-0.576,0.5,212
1.0396,-0.000849441,0,1028.38,1,0.426,0.6,-0.574,0.5,213
1.04189,-0.000832634,0,1028.38,1,0.428,0.6,-0.572,0.5,214
1.04417,-0.000815827,0,1028.39,1,0.43,0.6,-0.57,0.5,215
1.04645,-0.00079902,0,1028.39,1,0.432,0.6,-0.568,0.5,216
1.04873,-0.000782212,0,1028.4,1,0.434,0.6,-0.566,0.5,217
1.05101,-0.000765406,0,1028.4,1,0.436,0.6,-0.564,0.5,218
1.0533,-0.000748598,0,1028.41,1,0.438,0.6,-0.562,0.5,219
1.05558,-0.000731791,0,1028.41,1,0.44,0.6,-0.56,0.5,220
1.05786,-0.000714985,0,1028.42,1,0.442,0.6,-0.558,0.5,221
1.06014,-0.000698177,0,1028.42,1,0.444,0.6,-0.556,0.5,222
1.06242,-0.00068137,0,1028.43,1,0.446,0.6,-0.554,0.5,223
1.0647,-0.000664563,0,1028.43,1,0.448,0.6,-0.552,0.5,224
1.06699,-0.000647756,0,1028.44,1,0.45,0.6,-0.55,0.5,225
1.06927,-0.000630949,0,1028.44,1,0.452,0.6,-0.548,0.5,226
1.07155,-0.000614142,0,1028.45,1,0.454,0.6,-0.546,0.5,227
1.07383,-0.000597335,0,1028.45,1,0.456,0.6,-0.544,0.5,228
1.07611,-0.000580528,0,1028.46,1,0.458,0.6,-0.542,0.5,229
1.0784,-0.000563721,0,1028.46,1,0.46,0.6,-0.54,0.5,230
1.08068,-0.000546914,0,1028.47,1,0.462,0.6,-0.538,0.5,231
1.08296,-0.000530107,0,1028.47,1,0.464,0.6,-0.536,0.5,232
1.08524,-0.000513299,0,1028.48,1,0.466,0.6,-0.534,0.5,233
1.08752,-0.000496493,0,1028.48,1,0.468,0.6,-0.532,0.5,234
1.08981,-0.000479685,0,1028.49,1,0.47,0.6,-0.53,0.5,235
1.09209,-0.000462878,0,1028.49,1,0.472,0.6,-0.528,0.5,236
1.09437,-0.000446072,0,1028.5,1,0.474,0.6,-0.526,0.5,237
1.09665,-0.000429264,0,1028.5,1,0.476,0.6,-0.524,0.5,238
1.09893,-0.000412457,0,1028.51,1,0.478,0.6,-0.522,0.5,239
1.10122,-0.00039565,0,1028.51,1,0.48,0.6,-0.52,0.5,240
1.1035,-0.000378843,0,1028.52,1,0.482,0.6,-0.518,0.5,241
1.10578,-0.000362036,0,1028.52,1,0.484,0.6,-0.516,0.5,242
1.10806,-0.000345229,0,1028.53,1,0.486,0.6,-0.514,0.5,243
1.11034,-0.000328422,0,1028.54,1,0.488,0.6,-0.512,0.5,244
1.11263,-0.000311615,0,1028.54,1,0.49,0.6,-0.51,0.5,245
1.11491,-0.000294808,0,1028.55,1,0.492,0.6,-0.508,0.5,246
1.11719,-0.000278001,0,1028.55,1,0.494,0.6,-0.506,0.5,247
1.11947,-0.000261194,0,1028.56,1,0.496,0.6,-0.504,0.5,248
1.12175,-0.000244386,0,1028.56,1,0.498,0.6,-0.502,0.5,249
1.12404,-0.00022758,0,1028.57,1,0.5,0.6,-0.5,0.5,250
1.12594,-0.000208929,0,1028.57,1,0.502,0.6,-0.498,0.5,251
1.12784,-0.000190279,0,1028.57,1,0.504,0.6,-0.496,0.5,252
1.12974,-0.000171628,0,1028.58,1,0.506,0.6,-0.494,0.5,253
1.13165,-0.000152978,0,1028.58,1,0.508,0.6,-0.492,0.5,254
1.13355,-0.000134328,0,1028.59,1,0.51,0.6,-0.49,0.5,255
1.13545,-0.000115678,0,1028.59,1,0.512,0.6,-0.488,0.5,256
1.13735,-9.70271e-05,0,1028.59,1,0.514,0.6,-0.486,0.5,257
1.13925,-7.83767e-05,0,1028.6,1,0.516,0.6,-0.484,0.5,258
1.14116,-5.97263e-05,0,1028.6,1,0.518,0.6,-0.482,0.5,259
1.14306,-4.10759e-05,0,1028.6,1,0.52,0.6,-0.48,0.5,260
1.14496,-2.24255e-05,0,1028.61,1,0.522,0.6,-0.478,0.5,261
1.14686,-3.77539e-06,0,1028.61,1,0.524,0.6,-0.476,0.5,262
1.14877,1.4875e-05,0,1028.62,1,0.526,0.6,-0.474,0.5,263
1.15067,3.35254e-05,0,1028.62,1,0.528,0.6,-0.472,0.5,264
1.15257,5.21758e-05,0,1028.62,1,0.53,0.6,-0.47,0.5,265
1.15447,7.08262e-05,0,1028.63,1,0.532,0.6,-0.468,0.5,266
1.15637,8.94766e-05,0,1028.63,1,0.534,0.6,-0.466,0.5,267
1.15828,0.000108127,0,1028.64,1,0.536,0.6,-0.464,0.5,268
1.16018,0.000126777,0,1028.64,1,0.538,0.6,-0.462,0.5,269
1.16208,0.000145428,0,1028.64,1,0.54,0.6,-0.46,0.5,270
1.16398,0.000164078,0,1028.65,1,0.542,0.6,-0.458,0.5,271
1.16589,0.000182728,0,1028.65,1,0.544,0.6,-0.456,0.5,272
1.16779,0.000201379,0,1028.65,1,0.546,0.6,-0.454,0.5,273
1.16969,0.000220029,0,1028.66,1,0.548,0.6,-0.452,0.5,274
1.17159,0.00023868,0,1028.66,1,0.55,0.6,-0.45,0.5,275
1.1735,0.00025733,0,1028.67,1,0.552,0.6,-0.448,0.5,276
1.1754,0.00027598,0,1028.67,1,0.554,0.6,-0.446,0.5,277
1.1773,0.00029463,0,1028.67,1,0.556,0.6,-0.444,0.5,278
1.1792,0.000313281,0,1028.68,1,0.558,0.6,-0.442,0.5,279
1.1811,0.000331931,0,1028.68,1,0.56,0.6,-0.44,0.5,280
1.18301,0.000350582,0,1028.69,1,0.562,0.6,-0.438,0.5,281
1.18491,0.000369232,0,1028.69,1,0.564,0.6,-0.436,0.5,282
1.18681,0.000387882,0,1028.69,1,0.566,0.6,-0.434,0.5,283
1.18871,0.000406533,0,1028.7,1,0.568,0.6,-0.432,0.5,284
1.19062,0.000425183,0,1028.7,1,0.57,0.6,-0.43,0.5,285
1.19252,0.000443833,0,1028.7,1,0.572,0.6,-0.428,0.5,286
1.19442,0.000462484,0,1028.71,1,0.574,0.6,-0.426,0.5,287
1.19632,0.000481134,0,1028.71,1,0.576,0.6,-0.424,0.5,288
1.19822,0.000499785,0,1028.72,1,0.578,0.6,-0.422,0.5,289
1.20013,0.000518435,0,1028.72,1,0.58,0.6,-0.42,0.5,290
1.20203,0.000537085,0,1028.72,1,0.582,0.6,-0.418,0.5,291
1.20393,0.000555735,0,1028.73,1,0.584,0.6,-0.416,0.5,292
1.20583,0.000574386,0,1028.73,1,0.586,0.6,-0.414,0.5,293
1.20774,0.000593036,0,1028.74,1,0.588,0.6,-0.412,0.5,294
1.20964,0.000611687,0,1028.74,1,0.59,0.6,-0.41,0.5,295
1.2113,0.000626832,0,1028.74,1,0.592,0.6,-0.408,0.5,296
1.21277,0.000639055,0,1028.74,1,0.594,0.6,-0.406,0.5,297
1.21424,0.000651279,0,1028.75,1,0.596,0.6,-0.404,0.5,298
1.2157,0.000663502,0,1028.75,1,0.598,0.6,-0.402,0.5,299
1.21717,0.000675726,0,1028.75,1,0.6,0.6,-0.4,0.5,300
1.21864,0.000687949,0,1028.76,1,0.602,0.6,-0.398,0.5,301
1.2201,0.000700173,0,1028.76,1,0.604,0.6,-0.396,0.5,302
1.22157,0.000712396,0,1028.76,1,0.606,0.6,-0.394,0.5,303
1.22304,0.00072462,0,1028.76,1,0.608,0.6,-0.392,0.5,304
1.2245,0.000736844,0,1028.77,1,0.61,0.6,-0.39,0.5,305
1.22597,0.000749067,0,1028.77,1,0.612,0.6,-0.388,0.5,306
1.22744,0.000761291,0,1028.77,1,0.614,0.6,-0.386,0.5,307
1.2289,0.000773514,0,1028.78,1,0.616,0.6,-0.384,0.5,308
1.23037,0.000785738,0,1028.78,1,0.618,0.6,-0.382,0.5,309
1.23184,0.000797961,0,1028.78,1,0.62,0.6,-0.38,0.5,310
1.23331,0.000810185,0,1028.78,1,0.622,0.6,-0.378,0.5,311
1.23477,0.000822408,0,1028.79,1,0.624,0.6,-0.376,0.5,312
1.23624,0.000834632,0,1028.79,1,0.626,0.6,-0.374,0.5,313
1.23771,0.000846855,0,1028.79,1,0.628,0.6,-0.372,0.5,314
1.23917,0.000859079,0,1028.79,1,0.63,0.6,-0.37,0.5,315
1.24064,0.000871303,0,1028.8,1,0.632,0.6,-0.368,0.5,316
1.24211,0.000883526,0,1028.8,1,0.634,0.6,-0.366,0.5,317
1.24357,0.00089575,0,1028.8,1,0.636,0.6,-0.364,0.5,318
1.24504,0.000907973,0,1028.81,1,0.638,0.6,-0.362,0.5,319
1.24651,0.000920197,0,1028.81,1,0.64,0.6,-0.36,0.5,320
1.24797,0.00093242,0,1028.81,1,0.642,0.6,-0.358,0.5,321
1.24944,0.000944644,0,1028.81,1,0.644,0.6,-0.356,0.5,322
1.25091,0.000956867,0,1028.82,1,0.646,0.6,-0.354,0.5,323
1.25237,0.000969091,0,1028.82,1,0.648,0.6,-0.352,0.5,324
1.25384,0.000981315,0,1028.82,1,0.65,0.6,-0.35,0.5,325
1.25531,0.000993538,0,1028.82,1,0.652,0.6,-0.348,0.5,326
1.25678,0.00100576,0,1028.83,1,0.654,0.6,-0.346,0.5,327
1.25824,0.00101799,0,1028.83,1,0.656,0.6,-0.344,0.5,328
1.25971,0.00103021,0,1028.83,1,0.658,0.6,-0.342,0.5,329
1.26118,0.00104243,0,1028.84,1,0.66,0.6,-0.34,0.5,330
1.26264,0.00105466,0,1028.84,1,0.662,0.6,-0.338,0.5,331
1.26411,0.00106688,0,1028.84,1,0.664,0.6,-0.336,0.5,332
1.26558,0.0010791,0,1028.84,1,0.666,0.6,-0.334,0.5,333
1.26704,0.00109133,0,1028.85,1,0.668,0.6,-0.332,0.5,334
1.26851,0.00110355,0,1028.85,1,0.67,0.6,-0.33,0.5,335
1.26998,0.00111577,0,1028.85,1,0.672,0.6,-0.328,0.5,336
1.27144,0.001128,0,1028.85,1,0.674,0.6,-0.326,0.5,337
1.27291,0.00114022,0,1028.86,1,0.676,0.6,-0.324,0.5,338
1.27438,0.00115244,0,1028.86,1,0.678,0.6,-0.322,0.5,339
1.27584,0.00116467,0,1028.86,1,0.68,0.6,-0.32,0.5,340
1.27727,0.001176,0,1028.87,1,0.682,0.6,-0.318,0.5,341
1.27834,0.00117839,0,1028.87,1,0.684,0.6,-0.316,0.5,342
1.27941,0.00118079,0,1028.87,1,0.686,0.6,-0.314,0.5,343
1.28048,0.00118318,0,1028.87,1,0.688,0.6,-0.312,0.5,344
1.28154,0.00118558,0,1028.87,1,0.69,0.6,-0.31,0.5,345
1.28261,0.00118797,0,1028.88,1,0.692,0.6,-0.308,0.5,346
1.28368,0.00119037,0,1028.88,1,0.694,0.6,-0.306,0.5,347
1.28475,0.00119276,0,1028.88,1,0.696,0.6,-0.304,0.5,348
1.28581,0.00119516,0,1028.88,1,0.698,0.6,-0.302,0.5,349
1.28688,0.00119755,0,1028.88,1,0.7,0.6,-0.3,0.5,350
1.28795,0.00119995,0,1028.88,1,0.702,0.6,-0.298,0.5,351
1.28901,0.00120234,0,1028.89,1,0.704,0.6,-0.296,0.5,352
1.29008,0.00120474,0,1028.89,1,0.706,0.6,-0.294,0.5,353
1.29115,0.00120714,0,1028.89,1,0.708,0.6,-0.292,0.5,354
1.29222,0.00120953,0,1028.89,1,0.71,0.6,-0.29,0.5,355
1.29328,0.00121193,0,1028.89,1,0.712,0.6,-0.288,0.5,356
1.29435,0.00121432,0,1028.9,1,0.714,0.6,-0.286,0.5,357
1.29542,0.00121672,0,1028.9,1,0.716,0.6,-0.284,0.5,358
1.29648,0.00121911,0,1028.9,1,0.718,0.6,-0.282,0.5,359
1.29755,0.00122151,0,1028.9,1,0.72,0.6,-0.28,0.5,360
1.29862,0.0012239,0,1028.9,1,0.722,0.6,-0.278,0.5,361
1.29969,0.0012263,0,1028.91,1,0.724,0.6,-0.276,0.5,362
1.30075,0.00122869,0,1028.91,1,0.726,0.6,-0.274,0.5,363
1.30182,0.00123109,0,1028.91,1,0.728,0.6,-0.272,0.5,364
1.30289,0.00123348,0,1028.91,1,0.73,0.6,-0.27,0.5,365
1.30395,0.00123588,0,1028.91,1,0.732,0.6,-0.268,0.5,366
1.30502,0.00123827,0,1028.92,1,0.734,0.6,-0.266,0.5,367
1.30609,0.00124067,0,1028.92,1,0.736,0.6,-0.264,0.5,368
1.30716,0.00124306,0,1028.92,1,0.738,0.6,-0.262,0.5,369
1.30822,0.00124546,0,1028.92,1,0.74,0.6,-0.26,0.5,370
1.30929,0.00124785,0,1028.92,1,0.742,0.6,-0.258,0.5,371
1.31036,0.00125025,0,1028.93,1,0.744,0.6,-0.256,0.5,372
1.31142,0.00125264,0,1028.93,1,0.746,0.6,-0.254,0.5,373
1.31249,0.00125504,0,1028.93,1,0.748,0.6,-0.252,0.5,374
1.31356,0.00125743,0,1028.93,1,0.75,0.6,-0.25,0.5,375
1.31463,0.00125983,0,1028.93,1,0.752,0.6,-0.248,0.5,376
1.31569,0.00126222,0,1028.93,1,0.754,0.6,-0.246,0.5,377
1.31676,0.00126462,0,1028.94,1,0.756,0.6,-0.244,0.5,378
1.31783,0.00126701,0,1028.94,1,0.758,0.6,-0.242,0.5,379
1.31889,0.00126941,0,1028.94,1,0.76,0.6,-0.24,0.5,380
1.31996,0.00127181,0,1028.94,1,0.762,0.6,-0.238,0.5,381
1.32103,0.0012742,0,1028.94,1,0.764,0.6,-0.236,0.5,382
1.3221,0.0012766,0,1028.95,1,0.766,0.6,-0.234,0.5,383
1.32316,0.00127899,0,1028.95,1,0.768,0.6,-0.232,0.5,384
1.32423,0.00128139,0,1028.95,1,0.77,0.6,-0.23,0.5,385
1.3253,0.00128378,0,1028.95,1,0.772,0.6,-0.228,0.5,386
1.32613,0.00128023,0,1028.95,1,0.774,0.6,-0.226,0.5,387
1.32683,0.00127327,0,1028.95,1,0.776,0.6,-0.224,0.5,388
1.32752,0.00126631,0,1028.96,1,0.778,0.6,-0.222,0.5,389
1.32822,0.00125936,0,1028.96,1,0.78,0.6,-0.22,0.5,390
1.32891,0.0012524,0,1028.96,1,0.782,0.6,-0.218,0.5,391
1.32961,0.00124544,0,1028.96,1,0.784,0.6,-0.216,0.5,392
1.33031,0.00123849,0,1028.96,1,0.786,0.6,-0.214,0.5,393
1.331,0.00123153,0,1028.96,1,0.788,0.6,-0.212,0.5,394
1.3317,0.00122457,0,1028.96,1,0.79,0.6,-0.21,0.5,395
1.33239,0.00121762,0,1028.96,1,0.792,0.6,-0.208,0.5,396
1.33309,0.00121066,0,1028.97,1,0.794,0.6,-0.206,0.5,397
1.33379,0.0012037,0,1028.97,1,0.796,0.6,-0.204,0.5,398
1.33448,0.00119675,0,1028.97,1,0.798,0.6,-0.202,0.5,399
1.33518,0.00118979,0,1028.97,1,0.8,0.6,-0.2,0.5,400
1.33588,0.00118283,0,1028.97,1,0.802,0.6,-0.198,0.5,401
1.33657,0.00117588,0,1028.97,1,0.804,0.6,-0.196,0.5,402
1.33727,0.00116892,0,1028.97,1,0.806,0.6,-0.194,0.5,403
1.33796,0.00116197,0,1028.97,1,0.808,0.6,-0.192,0.5,404
1.33866,0.00115501,0,1028.98,1,0.81,0.6,-0.19,0.5,405
1.33936,0.00114805,0,1028.98,1,0.812,0.6,-0.188,0.5,406
1.34005,0.0011411,0,1028.98,1,0.814,0.6,-0.186,0.5,407
1.34075,0.00113414,0,1028.98,1,0.816,0.6,-0.184,0.5,408
1.34145,0.00112718,0,1028.98,1,0.818,0.6,-0.182,0.5,409
1.34214,0.00112023,0,1028.98,1,0.82,0.6,-0.18,0.5,410
1.34284,0.00111327,0,1028.98,1,0.822,0.6,-0.178,0.5,411
1.34353,0.00110631,0,1028.98,1,0.824,0.6,-0.176,0.5,412
1.34423,0.00109936,0,1028.98,1,0.826,0.6,-0.174,0.5,413
1.34493,0.0010924,0,1028.99,1,0.828,0.6,-0.172,0.5,414
1.34562,0.00108544,0,1028.99,1,0.83,0.6,-0.17,0.5,415
1.34632,0.00107849,0,1028.99,1,0.832,0.6,-0.168,0.5,416
1.34702,0.00107153,0,1028.99,1,0.834,0.6,-0.166,0.5,417
1.34771,0.00106457,0,1028.99,1,0.836,0.6,-0.164,0.5,418
1.34841,0.00105762,0,1028.99,1,0.838,0.6,-0.162,0.5,419
1.3491,0.00105066,0,1028.99,1,0.84,0.6,-0.16,0.5,420
1.3498,0.00104371,0,1028.99,1,0.842,0.6,-0.158,0.5,421
1.3505,0.00103675,0,1029,1,0.844,0.6,-0.156,0.5,422
1.35119,0.00102979,0,1029,1,0.846,0.6,-0.154,0.5,423
1.35189,0.00102284,0,1029,1,0.848,0.6,-0.152,0.5,424
1.35258,0.00101588,0,1029,1,0.85,0.6,-0.15,0.5,425
1.35328,0.00100892,0,1029,1,0.852,0.6,-0.148,0.5,426
1.35398,0.00100197,0,1029,1,0.854,0.6,-0.146,0.5,427
1.35467,0.00099501,0,1029,1,0.856,0.6,-0.144,0.5,428
1.35537,0.000988053,0,1029,1,0.858,0.6,-0.142,0.5,429
1.35607,0.000981097,0,1029.01,1,0.86,0.6,-0.14,0.5,430
1.35676,0.00097414,0,1029.01,1,0.862,0.6,-0.138,0.5,431
1.35739,0.000966006,0,1029.01,1,0.864,0.6,-0.136,0.5,432
1.35774,0.000952569,0,1029.01,1,0.866,0.6,-0.134,0.5,433
1.35808,0.000939132,0,1029.01,1,0.868,0.6,-0.132,0.5,434
1.35842,0.000925695,0,1029.01,1,0.87,0.6,-0.13,0.5,435
1.35877,0.000912258,0,1029.01,1,0.872,0.6,-0.128,0.5,436
1.35911,0.000898822,0,1029.01,1,0.874,0.6,-0.126,0.5,437
1.35946,0.000885385,0,1029.01,1,0.876,0.6,-0.124,0.5,438
1.3598,0.000871948,0,1029.01,1,0.878,0.6,-0.122,0.5,439
1.36014,0.000858511,0,1029.01,1,0.88,0.6,-0.12,0.5,440
1.36049,0.000845074,0,1029.01,1,0.882,0.6,-0.118,0.5,441
1.36083,0.000831638,0,1029.01,1,0.884,0.6,-0.116,0.5,442
1.36117,0.000818201,0,1029.01,1,0.886,0.6,-0.114,0.5,443
1.36152,0.000804764,0,1029.01,1,0.888,0.6,-0.112,0.5,444
1.36186,0.000791327,0,1029.02,1,0.89,0.6,-0.11,0.5,445
1.36221,0.00077789,0,1029.02,1,0.892,0.6,-0.108,0.5,446
1.36255,0.000764454,0,1029.02,1,0.894,0.6,-0.106,0.5,447
1.36289,0.000751017,0,1029.02,1,0.896,0.6,-0.104,0.5,448
1.36324,0.00073758,0,1029.02,1,0.898,0.6,-0.102,0.5,449
1.36358,0.000724143,0,1029.02,1,0.9,0.6,-0.1,0.5,450
1.36392,0.000710706,0,1029.02,1,0.902,0.6,-0.098,0.5,451
1.36427,0.00069727,0,1029.02,1,0.904,0.6,-0.096,0.5,452
1.36461,0.000683833,0,1029.02,1,0.906,0.6,-0.094,0.5,453
1.36495,0.000670396,0,1029.02,1,0.908,0.6,-0.092,0.5,454
1.3653,0.000656959,0,1029.02,1,0.91,0.6,-0.09,0.5,455
1.36564,0.000643522,0,1029.02,1,0.912,0.6,-0.088,0.5,456
1.36599,0.000630086,0,1029.02,1,0.914,0.6,-0.086,0.5,457
1.36633,0.000616649,0,1029.02,1,0.916,0.6,-0.084,0.5,458
1.36667,0.000603212,0,1029.02,1,0.918,0.6,-0.082,0.5,459
1.36702,0.000589775,0,1029.02,1,0.92,0.6,-0.08,0.5,460
1.36736,0.000576338,0,1029.02,1,0.922,0.6,-0.078,0.5,461
1.3677,0.000562902,0,1029.03,1,0.924,0.6,-0.076,0.5,462
1.36805,0.000549465,0,1029.03,1,0.926,0.6,-0.074,0.5,463
1.36839,0.000536028,0,1029.03,1,0.928,0.6,-0.072,0.5,464
1.36873,0.000522591,0,1029.03,1,0.93,0.6,-0.07,0.5,465
1.36908,0.000509154,0,1029.03,1,0.932,0.6,-0.068,0.5,466
1.36942,0.000495718,0,1029.03,1,0.934,0.6,-0.066,0.5,467
1.36977,0.000482281,0,1029.03,1,0.936,0.6,-0.064,0.5,468
1.37011,0.000468844,0,1029.03,1,0.938,0.6,-0.062,0.5,469
1.37045,0.000455407,0,1029.03,1,0.94,0.6,-0.06,0.5,470
1.3708,0.00044197,0,1029.03,1,0.942,0.6,-0.058,0.5,471
1.37114,0.000428534,0,1029.03,1,0.944,0.6,-0.056,0.5,472
1.37148,0.000415097,0,1029.03,1,0.946,0.6,-0.054,0.5,473
1.37183,0.00040166,0,1029.03,1,0.948,0.6,-0.052,0.5,474
1.37217,0.000388223,0,1029.03,1,0.95,0.6,-0.05,0.5,475
1.37251,0.000374786,0,1029.03,1,0.952,0.6,-0.048,0.5,476
1.37286,0.00036135,0,1029.03,1,0.954,0.6,-0.046,0.5,477
1.37295,0.000346239,0,1029.03,1,0.956,0.6,-0.044,0.5,478
1.37295,0.000330501,0,1029.03,1,0.958,0.6,-0.042,0.5,479
1.37295,0.000314763,0,1029.03,1,0.96,0.6,-0.04,0.5,480
1.37295,0.000299024,0,1029.03,1,0.962,0.6,-0.038,0.5,481
1.37295,0.000283286,0,1029.03,1,0.964,0.6,-0.036,0.5,482
1.37295,0.000267548,0,1029.03,1,0.966,0.6,-0.034,0.5,483
1.37295,0.00025181,0,1029.03,1,0.968,0.6,-0.032,0.5,484
1.37295,0.000236072,0,1029.03,1,0.97,0.6,-0.03,0.5,485
1.37295,0.000220333,0,1029.03,1,0.972,0.6,-0.028,0.5,486
1.37295,0.000204595,0,1029.03,1,0.974,0.6,-0.026,0.5,487
1.37295,0.000188857,0,1029.03,1,0.976,0.6,-0.024,0.5,488
1.37295,0.000173119,0,1029.03,1,0.978,0.6,-0.022,0.5,489
1.37295,0.000157381,0,1029.03,1,0.98,0.6,-0.02,0.5,490
1.37295,0.000141642,0,1029.03,1,0.982,0.6,-0.018,0.5,491
1.37295,0.000125904,0,1029.03,1,0.984,0.6,-0.016,0.5,492
1.37295,0.000110166,0,1029.03,1,0.986,0.6,-0.014,0.5,493
1.37295,9.44278e-05,0,1029.03,1,0.988,0.6,-0.012,0.5,494
1.37295,7.86896e-05,0,1029.03,1,0.99,0.6,-0.01,0.5,495
1.37295,6.29514e-05,0,1029.03,1,0.992,0.6,-0.008,0.5,496
1.37295,4.72132e-05,0,1029.03,1,0.994,0.6,-0.006,0.5,497
1.37295,3.14749e-05,0,1029.03,1,0.996,0.6,-0.004,0.5,498
1.37295,1.57367e-05,0,1029.03,1,0.998,0.6,-0.002,0.5,499
1.37295,-1.46533e-09,0,1029.03,1,1,0.6,0,0.5,500
1.37295,-1.57397e-05,0,1029.03,1,1.002,0.6,0.002,0.5,501
1.37295,-3.14779e-05,0,1029.03,1,1.004,0.6,0.004,0.5,502
1.37295,-4.72161e-05,0,1029.03,1,1.006,0.6,0.006,0.5,503
1.37295,-6.29543e-05,0,1029.03,1,1.008,0.6,0.008,0.5,504
1.37295,-7.86925e-05,0,1029.03,1,1.01,0.6,0.01,0.5,505
1.37295,-9.44307e-05,0,1029.03,1,1.012,0.6,0.012,0.5,506
1.37295,-0.000110169,0,1029.03,1,1.014,0.6,0.014,0.5,507
1.37295,-0.000125907,0,1029.03,1,1.016,0.6,0.016,0.5,508
1.37295,-0.000141645,0,1029.03,1,1.018,0.6,0.018,0.5,509
1.37295,-0.000157384,0,1029.03,1,1.02,0.6,0.02,0.5,510
1.37295,-0.000173122,0,1029.03,1,1.022,0.6,0.022,0.5,511
1.37295,-0.00018886,0,1029.03,1,1.024,0.6,0.024,0.5,512
1.37295,-0.000204598,0,1029.03,1,1.026,0.6,0.026,0.5,513
1.37295,-0.000220336,0,1029.03,1,1.028,0.6,0.028,0.5,514
1.37295,-0.000236075,0,1029.03,1,1.03,0.6,0.03,0.5,515
1.37295,-0.000251813,0,1029.03,1,1.032,0.6,0.032,0.5,516
1.37295,-0.000267551,0,1029.03,1,1.034,0.6,0.034,0.5,517
1.37295,-0.000283289,0,1029.03,1,1.036,0.6,0.036,0.5,518
1.37295,-0.000299027,0,1029.03,1,1.038,0.6,0.038,0.5,519
1.37295,-0.000314766,0,1029.03,1,1.04,0.6,0.04,0.5,520
1.37295,-0.000330504,0,1029.03,1,1.042,0.6,0.042,0.5,521
1.37295,-0.000346242,0,1029.03,1,1.044,0.6,0.044,0.5,522
1.37286,-0.000361353,0,1029.03,1,1.046,0.6,0.046,0.5,523
1.37251,-0.000374789,0,1029.03,1,1.048,0.6,0.048,0.5,524
1.37217,-0.000388226,0,1029.03,1,1.05,0.6,0.05,0.5,525
1.37183,-0.000401663,0,1029.03,1,1.052,0.6,0.052,0.5,526
1.37148,-0.0004151,0,1029.03,1,1.054,0.6,0.054,0.5,527
1.37114,-0.000428537,0,1029.03,1,1.056,0.6,0.056,0.5,528
1.3708,-0.000441973,0,1029.03,1,1.058,0.6,0.058,0.5,529
1.37045,-0.00045541,0,1029.03,1,1.06,0.6,0.06,0.5,530
1.37011,-0.000468847,0,1029.03,1,1.062,0.6,0.062,0.5,531
1.36977,-0.000482284,0,1029.03,1,1.064,0.6,0.064,0.5,532
1.36942,-0.000495721,0,1029.03,1,1.066,0.6,0.066,0.5,533
1.36908,-0.000509157,0,1029.03,1,1.068,0.6,0.068,0.5,534
1.36873,-0.000522594,0,1029.03,1,1.07,0.6,0.07,0.5,535
1.36839,-0.000536031,0,1029.03,1,1.072,0.6,0.072,0.5,536
1.36805,-0.000549468,0,1029.03,1,1.074,0.6,0.074,0.5,537
1.3677,-0.000562905,0,1029.03,1,1.076,0.6,0.076,0.5,538
1.36736,-0.000576341,0,1029.02,1,1.078,0.6,0.078,0.5,539
1.36702,-0.000589778,0,1029.02,1,1.08,0.6,0.08,0.5,540
1.36667,-0.000603215,0,1029.02,1,1.082,0.6,0.082,0.5,541
1.36633,-0.000616652,0,1029.02,1,1.084,0.6,0.084,0.5,542
1.36599,-0.000630089,0,1029.02,1,1.086,0.6,0.086,0.5,543
1.36564,-0.000643525,0,1029.02,1,1.088,0.6,0.088,0.5,544
1.3653,-0.000656962,0,1029.02,1,1.09,0.6,0.09,0.5,545
1.36495,-0.000670399,0,1029.02,1,1.092,0.6,0.092,0.5,546
1.36461,-0.000683836,0,1029.02,1,1.094,0.6,0.094,0.5,547
1.36427,-0.000697273,0,1029.02,1,1.096,0.6,0.096,0.5,548
1.36392,-0.000710709,0,1029.02,1,1.098,0.6,0.098,0.5,549
1.36358,-0.000724146,0,1029.02,1,1.1,0.6,0.1,0.5,550
1.36324,-0.000737583,0,1029.02,1,1.102,0.6,0.102,0.5,551
1.36289,-0.00075102,0,1029.02,1,1.104,0.6,0.104,0.5,552
1.36255,-0.000764457,0,1029.02,1,1.106,0.6,0.106,0.5,553
1.36221,-0.000777893,0,1029.02,1,1.108,0.6,0.108,0.5,554
1.36186,-0.00079133,0,1029.02,1,1.11,0.6,0.11,0.5,555
1.36152,-0.000804767,0,1029.01,1,1.112,0.6,0.112,0.5,556
1.36117,-0.000818204,0,1029.01,1,1.114,0.6,0.114,0.5,557
1.36083,-0.000831641,0,1029.01,1,1.116,0.6,0.116,0.5,558
1.36049,-0.000845077,0,1029.01,1,1.118,0.6,0.118,0.5,559
1.36014,-0.000858514,0,1029.01,1,1.12,0.6,0.12,0.5,560
1.3598,-0.000871951,0,1029.01,1,1.122,0.6,0.122,0.5,561
1.35946,-0.000885388,0,1029.01,1,1.124,0.6,0.124,0.5,562
1.35911,-0.000898825,0,1029.01,1,1.126,0.6,0.126,0.5,563
1.35877,-0.000912261,0,1029.01,1,1.128,0.6,0.128,0.5,564
1.35842,-0.000925698,0,1029.01,1,1.13,0.6,0.13,0.5,565
1.35808,-0.000939135,0,1029.01,1,1.132,0.6,0.132,0.5,566
1.35774,-0.000952572,0,1029.01,1,1.134,0.6,0.134,0.5,567
1.35739,-0.000966009,0,1029.01,1,1.136,0.6,0.136,0.5,568
1.35676,-0.000974143,0,1029.01,1,1.138,0.6,0.138,0.5,569
1.35607,-0.0009811,0,1029.01,1,1.14,0.6,0.14,0.5,570
1.35537,-0.000988056,0,1029,1,1.142,0.6,0.142,0.5,571
1.35467,-0.000995013,0,1029,1,1.144,0.6,0.144,0.5,572
1.35398,-0.00100197,0,1029,1,1.146,0.6,0.146,0.5,573
1.35328,-0.00100893,0,1029,1,1.148,0.6,0.148,0.5,574
1.35258,-0.00101588,0,1029,1,1.15,0.6,0.15,0.5,575
1.35189,-0.00102284,0,1029,1,1.152,0.6,0.152,0.5,576
1.35119,-0.0010298,0,1029,1,1.154,0.6,0.154,0.5,577
1.3505,-0.00103675,0,1029,1,1.156,0.6,0.156,0.5,578
1.3498,-0.00104371,0,1028.99,1,1.158,0.6,0.158,0.5,579
1.3491,-0.00105066,0,1028.99,1,1.16,0.6,0.16,0.5,580
1.34841,-0.00105762,0,1028.99,1,1.162,0.6,0.162,0.5,581
1.34771,-0.00106458,0,1028.99,1,1.164,0.6,0.164,0.5,582
1.34702,-0.00107153,0,1028.99,1,1.166,0.6,0.166,0.5,583
1.34632,-0.00107849,0,1028.99,1,1.168,0.6,0.168,0.5,584
1.34562,-0.00108545,0,1028.99,1,1.17,0.6,0.17,0.5,585
1.34493,-0.0010924,0,1028.99,1,1.172,0.6,0.172,0.5,586
1.34423,-0.00109936,0,1028.98,1,1.174,0.6,0.174,0.5,587
1.34353,-0.00110632,0,1028.98,1,1.176,0.6,0.176,0.5,588
1.34284,-0.00111327,0,1028.98,1,1.178,0.6,0.178,0.5,589
1.34214,-0.00112023,0,1028.98,1,1.18,0.6,0.18,0.5,590
1.34145,-0.00112719,0,1028.98,1,1.182,0.6,0.182,0.5,591
1.34075,-0.00113414,0,1028.98,1,1.184,0.6,0.184,0.5,592
1.34005,-0.0011411,0,1028.98,1,1.186,0.6,0.186,0.5,593
1.33936,-0.00114805,0,1028.98,1,1.188,0.6,0.188,0.5,594
1.33866,-0.00115501,0,1028.98,1,1.19,0.6,0.19,0.5,595
1.33796,-0.00116197,0,1028.97,1,1.192,0.6,0.192,0.5,596
1.33727,-0.00116892,0,1028.97,1,1.194,0.6,0.194,0.5,597
1.33657,-0.00117588,0,1028.97,1,1.196,0.6,0.196,0.5,598
1.33588,-0.00118284,0,1028.97,1,1.198,0.6,0.198,0.5,599
1.33518,-0.00118979,0,1028.97,1,1.2,0.6,0.2,0.5,600
1.33448,-0.00119675,0,1028.97,1,1.202,0.6,0.202,0.5,601
1.33379,-0.00120371,0,1028.97,1,1.204,0.6,0.204,0.5,602
1.33309,-0.00121066,0,1028.97,1,1.206,0.6,0.206,0.5,603
1.33239,-0.00121762,0,1028.96,1,1.208,0.6,0.208,0.5,604
1.3317,-0.00122458,0,1028.96,1,1.21,0.6,0.21,0.5,605
1.331,-0.00123153,0,1028.96,1,1.212,0.6,0.212,0.5,606
1.33031,-0.00123849,0,1028.96,1,1.214,0.6,0.214,0.5,607
1.32961,-0.00124545,0,1028.96,1,1.216,0.6,0.216,0.5,608
1.32891,-0.0012524,0,1028.96,1,1.218,0.6,0.218,0.5,609
1.32822,-0.00125936,0,1028.96,1,1.22,0.6,0.22,0.5,610
1.32752,-0.00126631,0,1028.96,1,1.222,0.6,0.222,0.5,611
1.32683,-0.00127327,0,1028.95,1,1.224,0.6,0.224,0.5,612
1.32613,-0.00128023,0,1028.95,1,1.226,0.6,0.226,0.5,613
1.3253,-0.00128378,0,1028.95,1,1.228,0.6,0.228,0.5,614
1.32423,-0.00128139,0,1028.95,1,1.23,0.6,0.23,0.5,615
1.32316,-0.00127899,0,1028.95,1,1.232,0.6,0.232,0.5,616
1.3221,-0.0012766,0,1028.95,1,1.234,0.6,0.234,0.5,617
1.32103,-0.0012742,0,1028.94,1,1.236,0.6,0.236,0.5,618
1.31996,-0.00127181,0,1028.94,1,1.238,0.6,0.238,0.5,619
1.31889,-0.00126941,0,1028.94,1,1.24,0.6,0.24,0.5,620
1.31783,-0.00126702,0,1028.94,1,1.242,0.6,0.242,0.5,621
1.31676,-0.00126462,0,1028.94,1,1.244,0.6,0.244,0.5,622
1.31569,-0.00126223,0,1028.93,1,1.246,0.6,0.246,0.5,623
1.31463,-0.00125983,0,1028.93,1,1.248,0.6,0.248,0.5,624
1.31356,-0.00125744,0,1028.93,1,1.25,0.6,0.25,0.5,625
1.31249,-0.00125504,0,1028.93,1,1.252,0.6,0.252,0.5,626
1.31142,-0.00125265,0,1028.93,1,1.254,0.6,0.254,0.5,627
1.31036,-0.00125025,0,1028.93,1,1.256,0.6,0.256,0.5,628
1.30929,-0.00124786,0,1028.92,1,1.258,0.6,0.258,0.5,629
1.30822,-0.00124546,0,1028.92,1,1.26,0.6,0.26,0.5,630
1.30716,-0.00124307,0,1028.92,1,1.262,0.6,0.262,0.5,631
1.30609,-0.00124067,0,1028.92,1,1.264,0.6,0.264,0.5,632
1.30502,-0.00123828,0,1028.92,1,1.266,0.6,0.266,0.5,633
1.30395,-0.00123588,0,1028.91,1,1.268,0.6,0.268,0.5,634
1.30289,-0.00123348,0,1028.91,1,1.27,0.6,0.27,0.5,635
1.30182,-0.00123109,0,1028.91,1,1.272,0.6,0.272,0.5,636
1.30075,-0.00122869,0,1028.91,1,1.274,0.6,0.274,0.5,637
1.29969,-0.0012263,0,1028.91,1,1.276,0.6,0.276,0.5,638
1.29862,-0.0012239,0,1028.9,1,1.278,0.6,0.278,0.5,639
1.29755,-0.00122151,0,1028.9,1,1.28,0.6,0.28,0.5,640
1.29648,-0.00121911,0,1028.9,1,1.282,0.6,0.282,0.5,641
1.29542,-0.00121672,0,1028.9,1,1.284,0.6,0.284,0.5,642
1.29435,-0.00121432,0,1028.9,1,1.286,0.6,0.286,0.5,643
1.29328,-0.00121193,0,1028.89,1,1.288,0.6,0.288,0.5,644
1.29222,-0.00120953,0,1028.89,1,1.29,0.6,0.29,0.5,645
1.29115,-0.00120714,0,1028.89,1,1.292,0.6,0.292,0.5,646
1.29008,-0.00120474,0,1028.89,1,1.294,0.6,0.294,0.5,647
1.28901,-0.00120235,0,1028.89,1,1.296,0.6,0.296,0.5,648
1.28795,-0.00119995,0,1028.88,1,1.298,0.6,0.298,0.5,649
1.28688,-0.00119756,0,1028.88,1,1.3,0.6,0.3,0.5,650
1.28581,-0.00119516,0,1028.88,1,1.302,0.6,0.302,0.5,651
1.28475,-0.00119277,0,1028.88,1,1.304,0.6,0.304,0.5,652
1.28368,-0.00119037,0,1028.88,1,1.306,0.6,0.306,0.5,653
1.28261,-0.00118798,0,1028.88,1,1.308,0.6,0.308,0.5,654
1.28154,-0.00118558,0,1028.87,1,1.31,0.6,0.31,0.5,655
1.28048,-0.00118319,0,1028.87,1,1.312,0.6,0.312,0.5,656
1.27941,-0.00118079,0,1028.87,1,1.314,0.6,0.314,0.5,657
1.27834,-0.0011784,0,1028.87,1,1.316,0.6,0.316,0.5,658
1.27727,-0.001176,0,1028.87,1,1.318,0.6,0.318,0.5,659
1.27584,-0.00116467,0,1028.86,1,1.32,0.6,0.32,0.5,660
1.27438,-0.00115245,0,1028.86,1,1.322,0.6,0.322,0.5,661
1.27291,-0.00114022,0,1028.86,1,1.324,0.6,0.324,0.5,662
1.27144,-0.001128,0,1028.85,1,1.326,0.6,0.326,0.5,663
1.26998,-0.00111578,0,1028.85,1,1.328,0.6,0.328,0.5,664
1.26851,-0.00110355,0,1028.85,1,1.33,0.6,0.33,0.5,665
1.26704,-0.00109133,0,1028.85,1,1.332,0.6,0.332,0.5,666
1.26558,-0.00107911,0,1028.84,1,1.334,0.6,0.334,0.5,667
1.26411,-0.00106688,0,1028.84,1,1.336,0.6,0.336,0.5,668
1.26264,-0.00105466,0,1028.84,1,1.338,0.6,0.338,0.5,669
1.26118,-0.00104243,0,1028.84,1,1.34,0.6,0.34,0.5,670
1.25971,-0.00103021,0,1028.83,1,1.342,0.6,0.342,0.5,671
1.25824,-0.00101799,0,1028.83,1,1.344,0.6,0.344,0.5,672
1.25678,-0.00100576,0,1028.83,1,1.346,0.6,0.346,0.5,673
1.25531,-0.000993541,0,1028.82,1,1.348,0.6,0.348,0.5,674
1.25384,-0.000981317,0,1028.82,1,1.35,0.6,0.35,0.5,675
1.25237,-0.000969093,0,1028.82,1,1.352,0.6,0.352,0.5,676
1.25091,-0.00095687,0,1028.82,1,1.354,0.6,0.354,0.5,677
1.24944,-0.000944646,0,1028.81,1,1.356,0.6,0.356,0.5,678
1.24797,-0.000932423,0,1028.81,1,1.358,0.6,0.358,0.5,679
1.24651,-0.000920199,0,1028.81,1,1.36,0.6,0.36,0.5,680
1.24504,-0.000907976,0,1028.81,1,1.362,0.6,0.362,0.5,681
1.24357,-0.000895752,0,1028.8,1,1.364,0.6,0.364,0.5,682
1.24211,-0.000883528,0,1028.8,1,1.366,0.6,0.366,0.5,683
1.24064,-0.000871305,0,1028.8,1,1.368,0.6,0.368,0.5,684
1.23917,-0.000859081,0,1028.79,1,1.37,0.6,0.37,0.5,685
1.23771,-0.000846858,0,1028.79,1,1.372,0.6,0.372,0.5,686
1.23624,-0.000834634,0,1028.79,1,1.374,0.6,0.374,0.5,687
1.23477,-0.000822411,0,1028.79,1,1.376,0.6,0.376,0.5,688
1.23331,-0.000810187,0,1028.78,1,1.378,0.6,0.378,0.5,689
1.23184,-0.000797964,0,1028.78,1,1.38,0.6,0.38,0.5,690
1.23037,-0.00078574,0,1028.78,1,1.382,0.6,0.382,0.5,691
1.2289,-0.000773516,0,1028.78,1,1.384,0.6,0.384,0.5,692
1.22744,-0.000761293,0,1028.77,1,1.386,0.6,0.386,0.5,693
1.22597,-0.000749069,0,1028.77,1,1.388,0.6,0.388,0.5,694
1.2245,-0.000736846,0,1028.77,1,1.39,0.6,0.39,0.5,695
1.22304,-0.000724622,0,1028.76,1,1.392,0.6,0.392,0.5,696
1.22157,-0.000712399,0,1028.76,1,1.394,0.6,0.394,0.5,697
1.2201,-0.000700175,0,1028.76,1,1.396,0.6,0.396,0.5,698
1.21864,-0.000687951,0,1028.76,1,1.398,0.6,0.398,0.5,699
1.21717,-0.000675728,0,1028.75,1,1.4,0.6,0.4,0.5,700
1.2157,-0.000663504,0,1028.75,1,1.402,0.6,0.402,0.5,701
1.21424,-0.000651281,0,1028.75,1,1.404,0.6,0.404,0.5,702
1.21277,-0.000639057,0,1028.74,1,1.406,0.6,0.406,0.5,703
1.2113,-0.000626834,0,1028.74,1,1.408,0.6,0.408,0.5,704
1.20964,-0.000611689,0,1028.74,1,1.41,0.6,0.41,0.5,705
1.20774,-0.000593038,0,1028.74,1,1.412,0.6,0.412,0.5,706
1.20583,-0.000574388,0,1028.73,1,1.414,0.6,0.414,0.5,707
1.20393,-0.000555738,0,1028.73,1,1.416,0.6,0.416,0.5,708
1.20203,-0.000537087,0,1028.72,1,1.418,0.6,0.418,0.5,709
1.20013,-0.000518437,0,1028.72,1,1.42,0.6,0.42,0.5,710
1.19822,-0.000499787,0,1028.72,1,1.422,0.6,0.422,0.5,711
1.19632,-0.000481136,0,1028.71,1,1.424,0.6,0.424,0.5,712
1.19442,-0.000462486,0,1028.71,1,1.426,0.6,0.426,0.5,713
1.19252,-0.000443835,0,1028.7,1,1.428,0.6,0.428,0.5,714
1.19062,-0.000425185,0,1028.7,1,1.43,0.6,0.43,0.5,715
1.18871,-0.000406535,0,1028.7,1,1.432,0.6,0.432,0.5,716
1.18681,-0.000387885,0,1028.69,1,1.434,0.6,0.434,0.5,717
1.18491,-0.000369234,0,1028.69,1,1.436,0.6,0.436,0.5,718
1.18301,-0.000350584,0,1028.69,1,1.438,0.6,0.438,0.5,719
1.1811,-0.000331933,0,1028.68,1,1.44,0.6,0.44,0.5,720
1.1792,-0.000313283,0,1028.68,1,1.442,0.6,0.442,0.5,721
1.1773,-0.000294632,0,1028.67,1,1.444,0.6,0.444,0.5,722
1.1754,-0.000275982,0,1028.67,1,1.446,0.6,0.446,0.5,723
1.1735,-0.000257332,0,1028.67,1,1.448,0.6,0.448,0.5,724
1.17159,-0.000238682,0,1028.66,1,1.45,0.6,0.45,0.5,725
1.16969,-0.000220031,0,1028.66,1,1.452,0.6,0.452,0.5,726
1.16779,-0.000201381,0,1028.65,1,1.454,0.6,0.454,0.5,727
1.16589,-0.00018273,0,1028.65,1,1.456,0.6,0.456,0.5,728
1.16398,-0.00016408,0,1028.65,1,1.458,0.6,0.458,0.5,729
1.16208,-0.000145429,0,1028.64,1,1.46,0.6,0.46,0.5,730
1.16018,-0.000126779,0,1028.64,1,1.462,0.6,0.462,0.5,731
1.15828,-0.000108129,0,1028.64,1,1.464,0.6,0.464,0.5,732
1.15637,-8.94786e-05,0,1028.63,1,1.466,0.6,0.466,0.5,733
1.15447,-7.08281e-05,0,1028.63,1,1.468,0.6,0.468,0.5,734
1.15257,-5.21777e-05,0,1028.62,1,1.47,0.6,0.47,0.5,735
1.15067,-3.35273e-05,0,1028.62,1,1.472,0.6,0.472,0.5,736
1.14877,-1.48769e-05,0,1028.62,1,1.474,0.6,0.474,0.5,737
1.14686,3.77349e-06,0,1028.61,1,1.476,0.6,0.476,0.5,738
1.14496,2.24236e-05,0,1028.61,1,1.478,0.6,0.478,0.5,739
1.14306,4.1074e-05,0,1028.6,1,1.48,0.6,0.48,0.5,740
1.14116,5.97244e-05,0,1028.6,1,1.482,0.6,0.482,0.5,741
1.13925,7.83748e-05,0,1028.6,1,1.484,0.6,0.484,0.5,742
1.13735,9.70252e-05,0,1028.59,1,1.486,0.6,0.486,0.5,743
1.13545,0.000115676,0,1028.59,1,1.488,0.6,0.488,0.5,744
1.13355,0.000134326,0,1028.59,1,1.49,0.6,0.49,0.5,745
1.13165,0.000152976,0,1028.58,1,1.492,0.6,0.492,0.5,746
1.12974,0.000171627,0,1028.58,1,1.494,0.6,0.494,0.5,747
1.12784,0.000190277,0,1028.57,1,1.496,0.6,0.496,0.5,748
1.12594,0.000208927,0,1028.57,1,1.498,0.6,0.498,0.5,749
1.12404,0.000227578,0,1028.57,1,1.5,0.6,0.5,0.5,750
1.12175,0.000244385,0,1028.56,1,1.502,0.6,0.502,0.5,751
1.11947,0.000261192,0,1028.56,1,1.504,0.6,0.504,0.5,752
1.11719,0.000277999,0,1028.55,1,1.506,0.6,0.506,0.5,753
1.11491,0.000294806,0,1028.55,1,1.508,0.6,0.508,0.5,754
1.11263,0.000311613,0,1028.54,1,1.51,0.6,0.51,0.5,755
1.11034,0.00032842,0,1028.54,1,1.512,0.6,0.512,0.5,756
1.10806,0.000345227,0,1028.53,1,1.514,0.6,0.514,0.5,757
1.10578,0.000362034,0,1028.52,1,1.516,0.6,0.516,0.5,758
1.1035,0.000378842,0,1028.52,1,1.518,0.6,0.518,0.5,759
1.10122,0.000395648,0,1028.51,1,1.52,0.6,0.52,0.5,760
1.09893,0.000412456,0,1028.51,1,1.522,0.6,0.522,0.5,761
1.09665,0.000429263,0,1028.5,1,1.524,0.6,0.524,0.5,762
1.09437,0.00044607,0,1028.5,1,1.526,0.6,0.526,0.5,763
1.09209,0.000462877,0,1028.49,1,1.528,0.6,0.528,0.5,764
1.08981,0.000479684,0,1028.49,1,1.53,0.6,0.53,0.5,765
1.08752,0.000496491,0,1028.48,1,1.532,0.6,0.532,0.5,766
1.08524,0.000513298,0,1028.48,1,1.534,0.6,0.534,0.5,767
1.08296,0.000530105,0,1028.47,1,1.536,0.6,0.536,0.5,768
1.08068,0.000546912,0,1028.47,1,1.538,0.6,0.538,0.5,769
1.0784,0.000563719,0,1028.46,1,1.54,0.6,0.54,0.5,770
1.07611,0.000580526,0,1028.46,1,1.542,0.6,0.542,0.5,771
1.07383,0.000597334,0,1028.45,1,1.544,0.6,0.544,0.5,772
1.07155,0.00061414,0,1028.45,1,1.546,0.6,0.546,0.5,773
1.06927,0.000630947,0,1028.44,1,1.548,0.6,0.548,0.5,774
1.06699,0.000647755,0,1028.44,1,1.55,0.6,0.55,0.5,775
1.0647,0.000664562,0,1028.43,1,1.552,0.6,0.552,0.5,776
1.06242,0.000681369,0,1028.43,1,1.554,0.6,0.554,0.5,777
1.06014,0.000698176,0,1028.42,1,1.556,0.6,0.556,0.5,778
1.05786,0.000714983,0,1028.42,1,1.558,0.6,0.558,0.5,779
1.05558,0.00073179,0,1028.41,1,1.56,0.6,0.56,0.5,780
1.0533,0.000748597,0,1028.41,1,1.562,0.6,0.562,0.5,781
1.05101,0.000765404,0,1028.4,1,1.564,0.6,0.564,0.5,782
1.04873,0.000782211,0,1028.4,1,1.566,0.6,0.566,0.5,783
1.04645,0.000799018,0,1028.39,1,1.568,0.6,0.568,0.5,784
1.04417,0.000815825,0,1028.39,1,1.57,0.6,0.57,0.5,785
1.04189,0.000832633,0,1028.38,1,1.572,0.6,0.572,0.5,786
1.0396,0.000849439,0,1028.38,1,1.574,0.6,0.574,0.5,787
1.03732,0.000866246,0,1028.37,1,1.576,0.6,0.576,0.5,788
1.03504,0.000883054,0,1028.37,1,1.578,0.6,0.578,0.5,789
1.03276,0.00089986,0,1028.36,1,1.58,0.6,0.58,0.5,790
1.03048,0.000916668,0,1028.36,1,1.582,0.6,0.582,0.5,791
1.02819,0.000933475,0,1028.35,1,1.584,0.6,0.584,0.5,792
1.02591,0.000950282,0,1028.35,1,1.586,0.6,0.586,0.5,793
1.02363,0.000967089,0,1028.34,1,1.588,0.6,0.588,0.5,794
1.02135,0.000983896,0,1028.33,1,1.59,0.6,0.59,0.5,795
1.01855,0.000992441,0,1028.33,1,1.592,0.6,0.592,0.5,796
1.01565,0.00099946,0,1028.32,1,1.594,0.6,0.594,0.5,797
1.01276,0.00100648,0,1028.31,1,1.596,0.6,0.596,0.5,798
1.00986,0.0010135,0,1028.31,1,1.598,0.6,0.598,0.5,799
1.00697,0.00102052,0,1028.3,1,1.6,0.6,0.6,0.5,800
1.00408,0.00102754,0,1028.29,1,1.602,0.6,0.602,0.5,801
1.00118,0.00103456,0,1028.28,1,1.604,0.6,0.604,0.5,802
0.998287,0.00104157,0,1028.28,1,1.606,0.6,0.606,0.5,803
0.995392,0.00104859,0,1028.27,1,1.608,0.6,0.608,0.5,804
0.992498,0.00105561,0,1028.26,1,1.61,0.6,0.61,0.5,805
0.989603,0.00106263,0,1028.26,1,1.612,0.6,0.612,0.5,806
0.986709,0.00106965,0,1028.25,1,1.614,0.6,0.614,0.5,807
0.983814,0.00107667,0,1028.24,1,1.616,0.6,0.616,0.5,808
0.98092,0.00108369,0,1028.23,1,1.618,0.6,0.618,0.5,809
0.978025,0.00109071,0,1028.23,1,1.62,0.6,0.62,0.5,810
0.975131,0.00109773,0,1028.22,1,1.622,0.6,0.622,0.5,811
0.972236,0.00110475,0,1028.21,1,1.624,0.6,0.624,0.5,812
0.969342,0.00111176,0,1028.2,1,1.626,0.6,0.626,0.5,813
0.966447,0.00111878,0,1028.2,1,1.628,0.6,0.628,0.5,814
0.963553,0.0011258,0,1028.19,1,1.63,0.6,0.63,0.5,815
0.960658,0.00113282,0,1028.18,1,1.632,0.6,0.632,0.5,816
0.957763,0.00113984,0,1028.18,1,1.634,0.6,0.634,0.5,817
0.954869,0.00114686,0,1028.17,1,1.636,0.6,0.636,0.5,818
0.951974,0.00115388,0,1028.16,1,1.638,0.6,0.638,0.5,819
0.94908,0.0011609,0,1028.15,1,1.64,0.6,0.64,0.5,820
0.946185,0.00116792,0,1028.15,1,1.642,0.6,0.642,0.5,821
0.943291,0.00117494,0,1028.14,1,1.644,0.6,0.644,0.5,822
0.940396,0.00118195,0,1028.13,1,1.646,0.6,0.646,0.5,823
0.937502,0.00118897,0,1028.12,1,1.648,0.6,0.648,0.5,824
0.934607,0.00119599,0,1028.12,1,1.65,0.6,0.65,0.5,825
0.931713,0.00120301,0,1028.11,1,1.652,0.6,0.652,0.5,826
0.928818,0.00121003,0,1028.1,1,1.654,0.6,0.654,0.5,827
0.925924,0.00121705,0,1028.1,1,1.656,0.6,0.656,0.5,828
0.923029,0.00122407,0,1028.09,1,1.658,0.6,0.658,0.5,829
0.920135,0.00123109,0,1028.08,1,1.66,0.6,0.66,0.5,830
0.91724,0.00123811,0,1028.07,1,1.662,0.6,0.662,0.5,831
0.914346,0.00124513,0,1028.07,1,1.664,0.6,0.664,0.5,832
0.911198,0.00124234,0,1028.06,1,1.666,0.6,0.666,0.5,833
0.90782,0.0012307,0,1028.05,1,1.668,0.6,0.668,0.5,834
0.904442,0.00121905,0,1028.04,1,1.67,0.6,0.67,0.5,835
0.901065,0.00120741,0,1028.03,1,1.672,0.6,0.672,0.5,836
0.897687,0.00119576,0,1028.02,1,1.674,0.6,0.674,0.5,837
0.89431,0.00118411,0,1028.01,1,1.676,0.6,0.676,0.5,838
0.890932,0.00117247,0,1028,1,1.678,0.6,0.678,0.5,839
0.887554,0.00116082,0,1027.99,1,1.68,0.6,0.68,0.5,840
0.884177,0.00114918,0,1027.98,1,1.682,0.6,0.682,0.5,841
0.880799,0.00113753,0,1027.97,1,1.684,0.6,0.684,0.5,842
0.877421,0.00112589,0,1027.96,1,1.686,0.6,0.686,0.5,843
0.874044,0.00111424,0,1027.95,1,1.688,0.6,0.688,0.5,844
0.870666,0.00110259,0,1027.94,1,1.69,0.6,0.69,0.5,845
0.867289,0.00109095,0,1027.93,1,1.692,0.6,0.692,0.5,846
0.863911,0.0010793,0,1027.92,1,1.694,0.6,0.694,0.5,847
0.860533,0.00106766,0,1027.91,1,1.696,0.6,0.696,0.5,848
0.857156,0.00105601,0,1027.91,1,1.698,0.6,0.698,0.5,849
0.853778,0.00104437,0,1027.9,1,1.7,0.6,0.7,0.5,850
0.850401,0.00103272,0,1027.89,1,1.702,0.6,0.702,0.5,851
0.847023,0.00102107,0,1027.88,1,1.704,0.6,0.704,0.5,852
0.843645,0.00100943,0,1027.87,1,1.706,0.6,0.706,0.5,853
0.840268,0.000997782,0,1027.86,1,1.708,0.6,0.708,0.5,854
0.83689,0.000986136,0,1027.85,1,1.71,0.6,0.71,0.5,855
0.833512,0.000974491,0,1027.84,1,1.712,0.6,0.712,0.5,856
0.830135,0.000962845,0,1027.83,1,1.714,0.6,0.714,0.5,857
0.826757,0.000951199,0,1027.82,1,1.716,0.6,0.716,0.5,858
0.82338,0.000939553,0,1027.81,1,1.718,0.6,0.718,0.5,859
0.820002,0.000927907,0,1027.8,1,1.72,0.6,0.72,0.5,860
0.816624,0.000916262,0,1027.79,1,1.722,0.6,0.722,0.5,861
0.813247,0.000904616,0,1027.78,1,1.724,0.6,0.724,0.5,862
0.809869,0.00089297,0,1027.77,1,1.726,0.6,0.726,0.5,863
0.806167,0.000867918,0,1027.76,1,1.728,0.6,0.728,0.5,864
0.802314,0.000836643,0,1027.75,1,1.73,0.6,0.73,0.5,865
0.79846,0.000805368,0,1027.73,1,1.732,0.6,0.732,0.5,866
0.794607,0.000774092,0,1027.72,1,1.734,0.6,0.734,0.5,867
0.790754,0.000742817,0,1027.71,1,1.736,0.6,0.736,0.5,868
0.786901,0.000711543,0,1027.7,1,1.738,0.6,0.738,0.5,869
0.783047,0.000680267,0,1027.68,1,1.74,0.6,0.74,0.5,870
0.779194,0.000648992,0,1027.67,1,1.742,0.6,0.742,0.5,871
0.775341,0.000617716,0,1027.66,1,1.744,0.6,0.744,0.5,872
0.771488,0.000586442,0,1027.65,1,1.746,0.6,0.746,0.5,873
0.767635,0.000555166,0,1027.63,1,1.748,0.6,0.748,0.5,874
0.763781,0.000523891,0,1027.62,1,1.75,0.6,0.75,0.5,875
0.759928,0.000492616,0,1027.61,1,1.752,0.6,0.752,0.5,876
0.756075,0.000461341,0,1027.6,1,1.754,0.6,0.754,0.5,877
0.752222,0.000430066,0,1027.58,1,1.756,0.6,0.756,0.5,878
0.748369,0.00039879,0,1027.57,1,1.758,0.6,0.758,0.5,879
0.744515,0.000367515,0,1027.56,1,1.76,0.6,0.76,0.5,880
0.740662,0.00033624,0,1027.54,1,1.762,0.6,0.762,0.5,881
0.736809,0.000304965,0,1027.53,1,1.764,0.6,0.764,0.5,882
0.732956,0.00027369,0,1027.52,1,1.766,0.6,0.766,0.5,883
0.729103,0.000242414,0,1027.51,1,1.768,0.6,0.768,0.5,884
0.725249,0.00021114,0,1027.49,1,1.77,0.6,0.77,0.5,885
0.721396,0.000179864,0,1027.48,1,1.772,0.6,0.772,0.5,886
0.717543,0.000148589,0,1027.47,1,1.774,0.6,0.774,0.5,887
0.71369,0.000117313,0,1027.46,1,1.776,0.6,0.776,0.5,888
0.709741,8.37553e-05,0,1027.44,1,1.778,0.6,0.778,0.5,889
0.705397,4.06884e-05,0,1027.43,1,1.78,0.6,0.78,0.5,890
0.701052,-2.37987e-06,0,1027.41,1,1.782,0.6,0.782,0.5,891
0.696707,-4.54468e-05,0,1027.39,1,1.784,0.6,0.784,0.5,892
0.692362,-8.8515e-05,0,1027.38,1,1.786,0.6,0.786,0.5,893
0.688017,-0.000131582,0,1027.36,1,1.788,0.6,0.788,0.5,894
0.683672,-0.00017465,0,1027.35,1,1.79,0.6,0.79,0.5,895
0.679327,-0.000217717,0,1027.33,1,1.792,0.6,0.792,0.5,896
0.674982,-0.000260785,0,1027.31,1,1.794,0.6,0.794,0.5,897
0.670638,-0.000303852,0,1027.3,1,1.796,0.6,0.796,0.5,898
0.666293,-0.000346919,0,1027.28,1,1.798,0.6,0.798,0.5,899
0.661948,-0.000389987,0,1027.26,1,1.8,0.6,0.8,0.5,900
0.657603,-0.000433054,0,1027.25,1,1.802,0.6,0.802,0.5,901
0.653258,-0.000476123,0,1027.23,1,1.804,0.6,0.804,0.5,902
0.648913,-0.00051919,0,1027.21,1,1.806,0.6,0.806,0.5,903
0.644568,-0.000562258,0,1027.2,1,1.808,0.6,0.808,0.5,904
0.640224,-0.000605325,0,1027.18,1,1.81,0.6,0.81,0.5,905
0.635879,-0.000648392,0,1027.17,1,1.812,0.6,0.812,0.5,906
0.631534,-0.00069146,0,1027.15,1,1.814,0.6,0.814,0.5,907
0.627189,-0.000734527,0,1027.13,1,1.816,0.6,0.816,0.5,908
0.622844,-0.000777595,0,1027.12,1,1.818,0.6,0.818,0.5,909
0.61843,-0.000820401,0,1027.1,1,1.82,0.6,0.82,0.5,910
0.613548,-0.000861433,0,1027.08,1,1.822,0.6,0.822,0.5,911
0.608666,-0.000902464,0,1027.06,1,1.824,0.6,0.824,0.5,912
0.603784,-0.000943495,0,1027.04,1,1.826,0.6,0.826,0.5,913
0.598902,-0.000984527,0,1027.02,1,1.828,0.6,0.828,0.5,914
0.59402,-0.00102556,0,1027,1,1.83,0.6,0.83,0.5,915
0.589137,-0.00106659,0,1026.98,1,1.832,0.6,0.832,0.5,916
0.584255,-0.00110762,0,1026.96,1,1.834,0.6,0.834,0.5,917
0.579373,-0.00114865,0,1026.94,1,1.836,0.6,0.836,0.5,918
0.574491,-0.00118968,0,1026.92,1,1.838,0.6,0.838,0.5,919
0.569609,-0.00123072,0,1026.9,1,1.84,0.6,0.84,0.5,920
0.564727,-0.00127175,0,1026.88,1,1.842,0.6,0.842,0.5,921
0.559844,-0.00131278,0,1026.86,1,1.844,0.6,0.844,0.5,922
0.554962,-0.00135381,0,1026.84,1,1.846,0.6,0.846,0.5,923
0.55008,-0.00139484,0,1026.82,1,1.848,0.6,0.848,0.5,924
0.545198,-0.00143587,0,1026.8,1,1.85,0.6,0.85,0.5,925
0.540316,-0.0014769,0,1026.78,1,1.852,0.6,0.852,0.5,926
0.535434,-0.00151794,0,1026.76,1,1.854,0.6,0.854,0.5,927
0.530118,-0.00154709,0,1026.74,1,1.856,0.6,0.856,0.5,928
0.524632,-0.00157158,0,1026.71,1,1.858,0.6,0.858,0.5,929
0.519147,-0.00159608,0,1026.69,1,1.86,0.6,0.86,0.5,930
0.513661,-0.00162058,0,1026.67,1,1.862,0.6,0.862,0.5,931
0.508175,-0.00164507,0,1026.64,1,1.864,0.6,0.864,0.5,932
0.50269,-0.00166957,0,1026.62,1,1.866,0.6,0.866,0.5,933
0.497204,-0.00169406,0,1026.59,1,1.868,0.6,0.868,0.5,934
0.491719,-0.00171856,0,1026.57,1,1.87,0.6,0.87,0.5,935
0.486233,-0.00174306,0,1026.55,1,1.872,0.6,0.872,0.5,936
0.480747,-0.00176755,0,1026.52,1,1.874,0.6,0.874,0.5,937
0.475262,-0.00179205,0,1026.5,1,1.876,0.6,0.876,0.5,938
0.469776,-0.00181655,0,1026.48,1,1.878,0.6,0.878,0.5,939
0.464291,-0.00184104,0,1026.45,1,1.88,0.6,0.88,0.5,940
0.458805,-0.00186554,0,1026.43,1,1.882,0.6,0.882,0.5,941
0.453099,-0.00188132,0,1026.4,1,1.884,0.6,0.884,0.5,942
0.446945,-0.00187943,0,1026.38,1,1.886,0.6,0.886,0.5,943
0.440791,-0.00187754,0,1026.35,1,1.888,0.6,0.888,0.5,944
0.434638,-0.00187566,0,1026.32,1,1.89,0.6,0.89,0.5,945
0.428484,-0.00187377,0,1026.3,1,1.892,0.6,0.892,0.5,946
0.422331,-0.00187188,0,1026.27,1,1.894,0.6,0.894,0.5,947
0.416177,-0.00186999,0,1026.24,1,1.896,0.6,0.896,0.5,948
0.410023,-0.00186811,0,1026.22,1,1.898,0.6,0.898,0.5,949
0.40387,-0.00186622,0,1026.19,1,1.9,0.6,0.9,0.5,950
0.397716,-0.00186433,0,1026.16,1,1.902,0.6,0.902,0.5,951
0.391563,-0.00186244,0,1026.14,1,1.904,0.6,0.904,0.5,952
0.385409,-0.00186056,0,1026.11,1,1.906,0.6,0.906,0.5,953
0.378949,-0.00184647,0,1026.08,1,1.908,0.6,0.908,0.5,954
0.372098,-0.00181683,0,1026.05,1,1.91,0.6,0.91,0.5,955
0.365247,-0.00178719,0,1026.03,1,1.912,0.6,0.912,0.5,956
0.358396,-0.00175755,0,1026,1,1.914,0.6,0.914,0.5,957
0.351545,-0.00172791,0,1025.97,1,1.916,0.6,0.916,0.5,958
0.344694,-0.00169827,0,1025.94,1,1.918,0.6,0.918,0.5,959
0.337842,-0.00166863,0,1025.91,1,1.92,0.6,0.92,0.5,960
0.330992,-0.00163899,0,1025.88,1,1.922,0.6,0.922,0.5,961
0.32414,-0.00160935,0,1025.86,1,1.924,0.6,0.924,0.5,962
0.317289,-0.00157971,0,1025.83,1,1.926,0.6,0.926,0.5,963
0.31003,-0.00153768,0,1025.8,1,1.928,0.6,0.928,0.5,964
0.302511,-0.00148779,0,1025.77,1,1.93,0.6,0.93,0.5,965
0.294992,-0.00143791,0,1025.75,1,1.932,0.6,0.932,0.5,966
0.287473,-0.00138802,0,1025.72,1,1.934,0.6,0.934,0.5,967
0.279954,-0.00133814,0,1025.69,1,1.936,0.6,0.936,0.5,968
0.272435,-0.00128826,0,1025.66,1,1.938,0.6,0.938,0.5,969
0.264917,-0.00123837,0,1025.64,1,1.94,0.6,0.94,0.5,970
0.257398,-0.00118849,0,1025.61,1,1.942,0.6,0.942,0.5,971
0.249594,-0.00113468,0,1025.59,1,1.944,0.6,0.944,0.5,972
0.241493,-0.0010768,0,1025.56,1,1.946,0.6,0.946,0.5,973
0.233393,-0.00101891,0,1025.54,1,1.948,0.6,0.948,0.5,974
0.225293,-0.000961024,0,1025.52,1,1.95,0.6,0.95,0.5,975
0.217192,-0.000903138,0,1025.49,1,1.952,0.6,0.952,0.5,976
0.209092,-0.000845253,0,1025.47,1,1.954,0.6,0.954,0.5,977
0.200992,-0.000787368,0,1025.45,1,1.956,0.6,0.956,0.5,978
0.192528,-0.000731679,0,1025.42,1,1.958,0.6,0.958,0.5,979
0.183962,-0.000676617,0,1025.41,1,1.96,0.6,0.96,0.5,980
0.175396,-0.000621554,0,1025.39,1,1.962,0.6,0.962,0.5,981
0.16683,-0.000566492,0,1025.37,1,1.964,0.6,0.964,0.5,982
0.158264,-0.000511429,0,1025.35,1,1.966,0.6,0.966,0.5,983
0.149615,-0.000458402,0,1025.33,1,1.968,0.6,0.968,0.5,984
0.140692,-0.000412148,0,1025.31,1,1.97,0.6,0.97,0.5,985
0.131769,-0.000365894,0,1025.29,1,1.972,0.6,0.972,0.5,986
0.122846,-0.000319641,0,1025.28,1,1.974,0.6,0.974,0.5,987
0.113923,-0.000273386,0,1025.26,1,1.976,0.6,0.976,0.5,988
0.104823,-0.000234055,0,1025.24,1,1.978,0.6,0.978,0.5,989
0.0956263,-0.000198505,0,1025.23,1,1.98,0.6,0.98,0.5,990
0.0864297,-0.000162956,0,1025.21,1,1.982,0.6,0.982,0.5,991
0.0772329,-0.000127406,0,1025.2,1,1.984,0.6,0.984,0.5,992
0.067853,-0.000101476,0,1025.18,1,1.986,0.6,0.986,0.5,993
0.0584427,-7.7141e-05,0,1025.16,1,1.988,0.6,0.988,0.5,994
0.0490321,-5.2805e-05,0,1025.15,1,1.99,0.6,0.99,0.5,995
0.0394996,-3.65982e-05,0,1025.13,1,1.992,0.6,0.992,0.5,996
0.0299207,-2.34506e-05,0,1025.11,1,1.994,0.6,0.994,0.5,997
0.0202653,-1.13404e-05,0,1025.09,1,1.996,0.6,0.996,0.5,998
0.0101325,-5.67013e-06,0,1025.08,1,1.998,0.6,0.998,0.5,999
0,0,0,1025.07,1,2,0.6,1,0.5,1000
